https://baucenter.ru,24.12.2022,405000580,Радиатор алюминиевый Halsen 96/500 литой 10 секций,7648,30,https://baucenter.ru/radiatory_otopleniya/757534/,радиатор,алюминиевый,1800
https://baucenter.ru,24.12.2022,405000520,Радиатор биметаллический Oasis/Alecord 80/500 10 секций,4559,16,https://baucenter.ru/radiatory_otopleniya/307555/,радиатор,биметаллический,1290
https://baucenter.ru,24.12.2022,405000519,Радиатор биметаллический Oasis/Alecord 80/500 8 секций,3491,21,https://baucenter.ru/radiatory_otopleniya/307554/,радиатор,биметаллический,1032
https://baucenter.ru,24.12.2022,405002296,Радиатор биметаллический Royal Thermo Indigo Super 100/500 10 секции,9900,12,https://baucenter.ru/radiatory_otopleniya/727993/,радиатор,биметаллический,1920
https://baucenter.ru,24.12.2022,405001330,Радиатор алюминиевый Halsen 96/500 литой 6 секций,4589,11,https://baucenter.ru/radiatory_otopleniya/406913/,радиатор,алюминиевый,1080
https://baucenter.ru,24.12.2022,453000334,Радиатор стальной панельный Royal Thermo Compact C22 500х1200 мм,8880,7,https://baucenter.ru/radiatory_otopleniya/920610/,радиатор,стальной панельный,2646
https://baucenter.ru,24.12.2022,453000814,Радиатор биметаллический Lammin PREMIUM 80/500 10 секций,6920,27,https://baucenter.ru/radiatory_otopleniya/1671570/,радиатор,биметаллический,1500
https://baucenter.ru,24.12.2022,405000523,Радиатор биметаллический Oasis/Alecord 80/500 12 секций,5469,3,https://baucenter.ru/radiatory_otopleniya/307556/,радиатор,биметаллический,1548
https://baucenter.ru,24.12.2022,453000436,Радиатор биметаллический Royal Thermo Biliner Noire Sable 87/500 6 секций,6540,7,https://baucenter.ru/radiatory_otopleniya/1153783/,радиатор,биметаллический,1026
https://baucenter.ru,24.12.2022,453000437,Радиатор биметаллический Royal Thermo Biliner Noire Sable 87/500 8 секций,8720,11,https://baucenter.ru/radiatory_otopleniya/1153786/,радиатор,биметаллический,1368
https://baucenter.ru,24.12.2022,405000580,Радиатор алюминиевый Halsen 96/500 литой 10 секций,7648,30,https://baucenter.ru/radiatory_otopleniya/757534/,радиатор,алюминиевый,1800
https://baucenter.ru,24.12.2022,405000520,Радиатор биметаллический Oasis/Alecord 80/500 10 секций,4559,16,https://baucenter.ru/radiatory_otopleniya/307555/,радиатор,биметаллический,1290
https://baucenter.ru,24.12.2022,405000519,Радиатор биметаллический Oasis/Alecord 80/500 8 секций,3491,21,https://baucenter.ru/radiatory_otopleniya/307554/,радиатор,биметаллический,1032
https://baucenter.ru,24.12.2022,405002296,Радиатор биметаллический Royal Thermo Indigo Super 100/500 10 секции,9900,12,https://baucenter.ru/radiatory_otopleniya/727993/,радиатор,биметаллический,1920
https://baucenter.ru,24.12.2022,405001330,Радиатор алюминиевый Halsen 96/500 литой 6 секций,4589,11,https://baucenter.ru/radiatory_otopleniya/406913/,радиатор,алюминиевый,1080
https://baucenter.ru,24.12.2022,453000334,Радиатор стальной панельный Royal Thermo Compact C22 500х1200 мм,8880,7,https://baucenter.ru/radiatory_otopleniya/920610/,радиатор,стальной панельный,2646
https://baucenter.ru,24.12.2022,453000814,Радиатор биметаллический Lammin PREMIUM 80/500 10 секций,6920,27,https://baucenter.ru/radiatory_otopleniya/1671570/,радиатор,биметаллический,1500
https://baucenter.ru,24.12.2022,405000523,Радиатор биметаллический Oasis/Alecord 80/500 12 секций,5469,3,https://baucenter.ru/radiatory_otopleniya/307556/,радиатор,биметаллический,1548
https://baucenter.ru,24.12.2022,453000436,Радиатор биметаллический Royal Thermo Biliner Noire Sable 87/500 6 секций,6540,7,https://baucenter.ru/radiatory_otopleniya/1153783/,радиатор,биметаллический,1026
https://baucenter.ru,24.12.2022,453000437,Радиатор биметаллический Royal Thermo Biliner Noire Sable 87/500 8 секций,8720,11,https://baucenter.ru/radiatory_otopleniya/1153786/,радиатор,биметаллический,1368
https://baucenter.ru,24.12.2022,405000666,Радиатор алюминиевый Oasis 80/500 8 секций,2594,19,https://baucenter.ru/radiatory_otopleniya/307542/,радиатор,алюминиевый,1040
https://baucenter.ru,24.12.2022,405000579,Радиатор алюминиевый Halsen 96/500 литой 8 секций,6119,13,https://baucenter.ru/radiatory_otopleniya/757532/,радиатор,алюминиевый,1440
https://baucenter.ru,24.12.2022,405000583,Радиатор алюминиевый Halsen 96/500 литой 12 секций,9178,14,https://baucenter.ru/radiatory_otopleniya/757536/,радиатор,алюминиевый,2160
https://baucenter.ru,24.12.2022,453000804,Радиатор биметаллический Lammin ECO 80/500 4 секции,3236,1,https://baucenter.ru/radiatory_otopleniya/1671546/,радиатор,биметаллический,528
https://baucenter.ru,24.12.2022,453000433,Радиатор биметаллический Royal Thermo Biliner Noire Sable 87/500 10 секций,10900,7,https://baucenter.ru/radiatory_otopleniya/1153756/,радиатор,биметаллический,1710
https://baucenter.ru,24.12.2022,453000333,Радиатор стальной панельный Royal Thermo Compact C22 500х1000 мм,7780,17,https://baucenter.ru/radiatory_otopleniya/920608/,радиатор,стальной панельный,2205
https://baucenter.ru,24.12.2022,453000808,Радиатор биметаллический Lammin ECO 80/500 12 секций,9708,1,https://baucenter.ru/radiatory_otopleniya/1671558/,радиатор,биметаллический,1584
https://baucenter.ru,24.12.2022,453000330,Радиатор стальной панельный Royal Thermo Compact C22 500х800 мм,6700,18,https://baucenter.ru/radiatory_otopleniya/920606/,радиатор,стальной панельный,1764
